n,total_snarls,k_mean,k_max,gini_k,gini_work,pct_snp
10,20,2.6,5,0.17692307692307693,0.5661764705882353,70.0
50,100,2.62,6,0.17908396946564886,0.583547703180212,67.0
100,200,2.545,6,0.16421414538310414,0.5548888664376642,68.5
200,400,2.655,6,0.18003295668549907,0.5700593990216631,63.5
500,1000,2.561,6,0.16579265911753222,0.5516500778847306,67.4
